{
  "project_info": {
    "project_number": "385245349976",
    "firebase_url": "https://film-database-ca670.firebaseio.com",
    "project_id": "film-database-ca670",
    "storage_bucket": "film-database-ca670.appspot.com"
  },
  "client": [
    {
      "client_info": {
        "mobilesdk_app_id": "1:385245349976:android:9972833e114f42a6",
        "android_client_info": {
          "package_name": "com.example.user.filmologia"
        }
      },
      "oauth_client": [
        {
          "client_id": "385245349976-utmr59sb5e3o3ltchlrets187min6vfl.apps.googleusercontent.com",
          "client_type": 1,
          "android_info": {
            "package_name": "com.example.user.filmologia",
            "certificate_hash": "38093974c6259968e21c3b3c7ed9de5787a5fa0b"
          }
        },
        {
          "client_id": "385245349976-c1bceqrkbm48r8fqem4dgdq09i8p9bnh.apps.googleusercontent.com",
          "client_type": 3
        }
      ],
      "api_key": [
        {
          "current_key": "AIzaSyBvZtJEDaRxoOUeiNSqaUmGq4kDsYf4I90"
        }
      ],
      "services": {
        "analytics_service": {
          "status": 1
        },
        "appinvite_service": {
          "status": 2,
          "other_platform_oauth_client": [
            {
              "client_id": "385245349976-c1bceqrkbm48r8fqem4dgdq09i8p9bnh.apps.googleusercontent.com",
              "client_type": 3
            }
          ]
        },
        "ads_service": {
          "status": 2
        }
      }
    }
  ],
  "configuration_version": "1"
}